id,name,taxonomy_primary,taxonomy_hierarchy,basic_category,confidence,website,phone,address,city,state,zip,county_fips,lat,lon,fixture_note
fx_0001,Bayou Fulfillment Co.,warehouse,business_to_business|commercial_industrial|warehouse,warehouse,0.95,https://www.bayoufulfillment.example,(281) 555-0101,24500 Brazos Way,Katy,TX,77494,48157,29.7858,-95.8245,mockup lead L0001
fx_0002,Gulf Coast Sign & Lighting,sign_making,business_to_business|commercial_industrial|sign_making,professional_service,0.9,https://www.gulfcoastsignandlighting.example,(713) 555-0102,9112 Business Center Dr,Pasadena,TX,77506,48201,29.718366,-95.228499,mockup lead
fx_0003,Ship Channel Logistics LLC,logistics_service,business_to_business|shipping_and_logistics|logistics_service,logistics,0.92,https://www.shipchannellogistics.example,(713) 555-0103,22274 Commerce St,La Porte,TX,77571,48201,29.649193,-95.005212,mockup lead
fx_0004,Cypress Creek Electrical,electrician,home_service|contractor|electrician,contractor,0.88,https://www.cypresscreekelectrical.example,(713) 555-0104,3170 Business Center Dr,Cypress,TX,77433,48201,29.97453,-95.725293,mockup lead; long name for QA tests
fx_0005,Lone Star Rack & Shelving,contractor,home_service|contractor,contractor,0.84,https://www.lonestarrackandshelving.example,(281) 555-0105,18490 Business Center Dr,Stafford,TX,77477,48157,29.60006,-95.551579,mockup lead; keyword-only match (racking)
fx_0006,Brazos HVAC Services,hvac_services,home_service|contractor|hvac_services,contractor,0.86,https://www.brazoshvacservices.example,(281) 555-0106,13846 Business Center Dr,Sugar Land,TX,77478,48157,29.632661,-95.622821,mockup lead
fx_0007,Westpark Metal Fab,metal_fabricator,business_to_business|commercial_industrial|manufacturing|metal_fabricator,manufacturing,0.9,https://www.westparkmetalfab.example,(713) 555-0107,14819 Energy Pkwy,Houston,TX,77042,48201,29.7372,-95.5618,mockup lead
fx_0008,Magnolia Distribution,warehouse,business_to_business|commercial_industrial|warehouse,warehouse,0.83,https://www.magnoliadistribution.example,(936) 555-0108,5331 Warehouse Way,Conroe,TX,77301,48339,30.330466,-95.48571,mockup lead
fx_0009,Energy Corridor Facilities Group,property_management,real_estate|property_management,real_estate,0.8,https://www.energycorridorfacilitiesgroup.example,(713) 555-0109,25118 Port Rd,Houston,TX,77077,48201,29.744415,-95.660671,mockup lead; long name
fx_0010,Tomball Precision Machining,manufacturing,business_to_business|commercial_industrial|manufacturing,manufacturing,0.78,https://www.tomballprecisionmachining.example,(713) 555-0110,11863 Port Rd,Tomball,TX,77375,48201,30.073333,-95.623304,mockup lead
fx_0011,Northline Glass & Glazing,glass_and_mirror_shop,home_service|contractor|glass_and_mirror_shop,contractor,0.81,https://www.northlineglassandglazing.example,(713) 555-0111,24011 Manufacturing Ln,Spring,TX,77373,48201,30.066224,-95.361572,mockup lead
fx_0012,Harris Ridge Cold Storage,cold_storage,business_to_business|commercial_industrial|warehouse|cold_storage,warehouse,0.87,https://www.harrisridgecoldstorage.example,(713) 555-0112,12503 Commerce St,Baytown,TX,77521,48201,29.772174,-94.941613,mockup lead
fx_0013,Bayou Fulfillment Company,warehouse,business_to_business|commercial_industrial|warehouse,warehouse,0.71,https://www.bayoufulfillment.example,(281) 555-0113,18189 Energy Pkwy,Katy,TX,77494,48157,29.7862,-95.8248,DUPLICATE of fx_0001 (same domain)
fx_0014,"Westpark Metal Fab, Inc.",metal_fabricator,business_to_business|commercial_industrial|manufacturing|metal_fabricator,manufacturing,0.69,,(713) 555-0114,20699 Port Rd,Houston,TX,77042,48201,29.7373,-95.5617,"DUPLICATE of fx_0007 (same name_norm, ~20 m)"
fx_0015,Gulf Lift Equipment,equipment_rental,business_to_business|equipment_rental,rental,0.93,https://www.gulflift.example,(281) 555-0115,1601 Business Center Dr,Katy,TX,77494,48157,29.790441,-95.812226,SUPPRESS dealer (domain)
fx_0016,Bayport Aerial Supply,equipment_rental,business_to_business|equipment_rental,rental,0.9,https://www.bayportaerial.example,(713) 555-0116,7728 Commerce St,Pasadena,TX,77504,48201,29.666384,-95.158887,SUPPRESS dealer (domain)
fx_0017,Coastal Crane & Rigging LLC,contractor,home_service|contractor,contractor,0.88,https://www.coastalcrane.example,(713) 555-0117,12054 Park Row,Houston,TX,77029,48201,29.755808,-95.262795,SUPPRESS customer (domain)
fx_0018,Coastal Crane and Rigging,contractor,home_service|contractor,contractor,0.7,,(713) 555-0118,8848 Commerce St,Houston,TX,77029,48201,29.755211,-95.27743,SUPPRESS customer (name_norm + zip)
fx_0019,Harbor Point Logistics,logistics_service,business_to_business|shipping_and_logistics|logistics_service,logistics,0.85,https://www.harborpointlogistics.example,(713) 555-0119,23992 Business Center Dr,La Porte,TX,77571,48201,29.672348,-95.039132,SUPPRESS customer (domain)
fx_0020,Apex Aerial Rentals,equipment_rental,business_to_business|equipment_rental,rental,0.9,https://www.apexaerialrentals.example,(713) 555-0120,21071 Business Center Dr,Houston,TX,77041,48201,29.837804,-95.586233,SUPPRESS competitor; also excluded category
fx_0021,Summit Fulfillment Center,warehouse,business_to_business|commercial_industrial|warehouse,warehouse,0.91,https://www.summitfulfillmentcenter.example,(409) 555-0121,13245 Energy Pkwy,Anahuac,TX,77514,48071,29.746056,-94.663392,
fx_0022,Prairie Warehousing,warehouse,business_to_business|commercial_industrial|warehouse,warehouse,0.78,https://www.prairiewarehousing.example,(936) 555-0122,21164 Manufacturing Ln,Conroe,TX,77301,48339,30.300781,-95.446774,
fx_0023,Clear Creek Fulfillment Center,warehouse,business_to_business|commercial_industrial|warehouse,warehouse,0.84,https://www.clearcreekfulfillmentcenter.example,(713) 555-0123,19221 Warehouse Way,Houston,TX,77029,48201,29.766682,-95.274236,
fx_0024,Galveston Bay Warehousing,warehouse,business_to_business|commercial_industrial|warehouse,warehouse,0.69,https://www.galvestonbaywarehousing.example,(713) 555-0124,20660 Park Row,Houston,TX,77029,48201,29.738455,-95.287173,
fx_0025,Pecan Storage & Distribution,warehouse,business_to_business|commercial_industrial|warehouse,warehouse,0.82,,(936) 555-0125,18228 Industrial Blvd,The Woodlands,TX,77380,48339,30.158697,-95.431533,
fx_0026,Summit Distribution,warehouse,business_to_business|commercial_industrial|warehouse,warehouse,0.77,https://www.summitdistribution.example,(713) 555-0126,9717 Warehouse Way,Galveston,TX,77551,48167,29.316353,-94.781584,
fx_0027,Spring Branch Storage & Distribution,warehouse,business_to_business|commercial_industrial|warehouse,warehouse,0.82,https://www.springbranchstorageanddistribution.example,(281) 555-0127,5954 Commerce St,Katy,TX,77494,48157,29.808351,-95.838697,
fx_0028,Redbird Fulfillment Center,warehouse,business_to_business|commercial_industrial|warehouse,warehouse,0.9,https://www.redbirdfulfillmentcenter.example,(409) 555-0128,17774 Industrial Blvd,Anahuac,TX,77514,48071,29.779238,-94.70353,
fx_0029,Kingwood Fulfillment Center,warehouse,business_to_business|commercial_industrial|warehouse,warehouse,0.92,,(713) 555-0129,10176 Business Center Dr,Tomball,TX,77375,48201,30.122946,-95.593377,
fx_0030,Bayside Warehousing,warehouse,business_to_business|commercial_industrial|warehouse,warehouse,0.68,https://www.baysidewarehousing.example,(936) 555-0130,25023 Park Row,Conroe,TX,77301,48339,30.287039,-95.456941,
fx_0031,Clear Creek Supply Chain,logistics_service,business_to_business|shipping_and_logistics|logistics_service,logistics,0.85,https://www.clearcreeksupplychain.example,(713) 555-0131,7040 Business Center Dr,Tomball,TX,77375,48201,30.077108,-95.61444,
fx_0032,Frontier 3PL Services,logistics_service,business_to_business|shipping_and_logistics|logistics_service,logistics,0.82,https://www.frontier3plservices.example,(713) 555-0132,4065 Business Center Dr,Channelview,TX,77530,48201,29.784993,-95.117714,
fx_0033,Buffalo Logistics,logistics_service,business_to_business|shipping_and_logistics|logistics_service,logistics,0.66,,(713) 555-0133,23294 Industrial Blvd,La Porte,TX,77571,48201,29.669035,-95.014094,
fx_0034,Oakmont Logistics,logistics_service,business_to_business|shipping_and_logistics|logistics_service,logistics,0.73,,(713) 555-0134,4435 Manufacturing Ln,La Porte,TX,77571,48201,29.65008,-95.009261,
fx_0035,Buffalo 3PL Services,logistics_service,business_to_business|shipping_and_logistics|logistics_service,logistics,0.77,https://www.buffalo3plservices.example,(979) 555-0135,13570 Manufacturing Ln,Bellville,TX,77418,48015,29.92586,-96.247661,
fx_0036,Redbird Supply Chain,logistics_service,business_to_business|shipping_and_logistics|logistics_service,logistics,0.78,https://www.redbirdsupplychain.example,(713) 555-0136,11218 Commerce St,Katy,TX,77449,48201,29.86505,-95.758095,
fx_0037,Buffalo Freight,freight_and_cargo_service,business_to_business|shipping_and_logistics|freight_and_cargo_service,logistics,0.8,https://www.buffalofreight.example,(713) 555-0137,2570 Manufacturing Ln,Houston,TX,77077,48201,29.732411,-95.658991,
fx_0038,Pecan Freight,freight_and_cargo_service,business_to_business|shipping_and_logistics|freight_and_cargo_service,logistics,0.69,https://www.pecanfreight.example,(713) 555-0138,24792 Business Center Dr,Katy,TX,77449,48201,29.838435,-95.763115,
fx_0039,Spring Branch Cargo Services,freight_and_cargo_service,business_to_business|shipping_and_logistics|freight_and_cargo_service,logistics,0.71,https://www.springbranchcargoservices.example,(713) 555-0139,170 Warehouse Way,Tomball,TX,77375,48201,30.119079,-95.591953,
fx_0040,Sabine Cargo Services,freight_and_cargo_service,business_to_business|shipping_and_logistics|freight_and_cargo_service,logistics,0.83,https://www.sabinecargoservices.example,(713) 555-0140,23640 Manufacturing Ln,Pasadena,TX,77504,48201,29.677439,-95.158275,
fx_0041,Clear Creek Manufacturing,manufacturing,business_to_business|commercial_industrial|manufacturing,manufacturing,0.68,https://www.clearcreekmanufacturing.example,(713) 555-0141,10376 Industrial Blvd,Pasadena,TX,77504,48201,29.623509,-95.173856,
fx_0042,Bayside Products,manufacturing,business_to_business|commercial_industrial|manufacturing,manufacturing,0.96,https://www.baysideproducts.example,(713) 555-0142,2725 Park Row,Tomball,TX,77375,48201,30.118363,-95.636654,
fx_0043,Prairie Products,manufacturing,business_to_business|commercial_industrial|manufacturing,manufacturing,0.94,https://www.prairieproducts.example,(713) 555-0143,8167 Industrial Blvd,Houston,TX,77042,48201,29.721312,-95.584607,
fx_0044,Kingwood Manufacturing,manufacturing,business_to_business|commercial_industrial|manufacturing,manufacturing,0.74,https://www.kingwoodmanufacturing.example,(713) 555-0144,22045 Port Rd,Spring,TX,77373,48201,30.063914,-95.391018,
fx_0045,Buffalo Industries,manufacturing,business_to_business|commercial_industrial|manufacturing,manufacturing,0.95,,(713) 555-0145,2477 Industrial Blvd,Channelview,TX,77530,48201,29.78473,-95.116567,
fx_0046,San Jacinto Products,manufacturing,business_to_business|commercial_industrial|manufacturing,manufacturing,0.74,https://www.sanjacintoproducts.example,(936) 555-0146,11536 Commerce St,Conroe,TX,77301,48339,30.286296,-95.473311,
fx_0047,Oakmont Fabrication,metal_fabricator,business_to_business|commercial_industrial|manufacturing|metal_fabricator,manufacturing,0.75,https://www.oakmontfabrication.example,(713) 555-0147,21529 Industrial Blvd,Baytown,TX,77521,48201,29.766291,-94.967407,
fx_0048,Summit Metal Works,metal_fabricator,business_to_business|commercial_industrial|manufacturing|metal_fabricator,manufacturing,0.74,https://www.summitmetalworks.example,(713) 555-0148,3607 Park Row,Pasadena,TX,77504,48201,29.626215,-95.165312,
fx_0049,Sabine Steel Works,metal_fabricator,business_to_business|commercial_industrial|manufacturing|metal_fabricator,manufacturing,0.92,https://www.sabinesteelworks.example,(936) 555-0149,16661 Manufacturing Ln,The Woodlands,TX,77380,48339,30.156373,-95.45005,
fx_0050,Sabine Fabrication,metal_fabricator,business_to_business|commercial_industrial|manufacturing|metal_fabricator,manufacturing,0.76,https://www.sabinefabrication.example,(713) 555-0150,4386 Energy Pkwy,Houston,TX,77042,48201,29.756961,-95.589155,
fx_0051,Spring Branch Metal Works,metal_fabricator,business_to_business|commercial_industrial|manufacturing|metal_fabricator,manufacturing,0.68,https://www.springbranchmetalworks.example,(713) 555-0151,22743 Park Row,Humble,TX,77338,48201,29.994461,-95.29162,
fx_0052,Airline Electric,electrician,home_service|contractor|electrician,contractor,0.67,https://www.airlineelectric.example,(409) 555-0152,12048 Industrial Blvd,Anahuac,TX,77514,48071,29.775852,-94.686913,
fx_0053,Oakmont Electrical Contractors,electrician,home_service|contractor|electrician,contractor,0.83,https://www.oakmontelectricalcontractors.example,(713) 555-0153,13416 Park Row,Houston,TX,77077,48201,29.764016,-95.648779,
fx_0054,Ironwood Electric,electrician,home_service|contractor|electrician,contractor,0.67,https://www.ironwoodelectric.example,(713) 555-0154,24235 Port Rd,Houston,TX,77060,48201,29.956646,-95.371115,
fx_0055,Pecan Electrical Contractors,electrician,home_service|contractor|electrician,contractor,0.71,https://www.pecanelectricalcontractors.example,(979) 555-0155,23079 Commerce St,Bellville,TX,77418,48015,29.964303,-96.27231,
fx_0056,Pinecrest Electric,electrician,home_service|contractor|electrician,contractor,0.75,https://www.pinecrestelectric.example,(713) 555-0156,7557 Business Center Dr,Tomball,TX,77375,48201,30.116195,-95.618482,
fx_0057,Gulfway Power & Lighting,electrician,home_service|contractor|electrician,contractor,0.9,https://www.gulfwaypowerandlighting.example,(713) 555-0157,11606 Warehouse Way,Houston,TX,77077,48201,29.740716,-95.665835,
fx_0058,Summit Power & Lighting,electrician,home_service|contractor|electrician,contractor,0.72,https://www.summitpowerandlighting.example,(713) 555-0158,8798 Industrial Blvd,La Porte,TX,77571,48201,29.642721,-94.991176,
fx_0059,Cedar Bayou HVAC,hvac_services,home_service|contractor|hvac_services,contractor,0.97,https://www.cedarbayouhvac.example,(713) 555-0159,3889 Warehouse Way,Spring,TX,77373,48201,30.077186,-95.383816,
fx_0060,Oakmont HVAC,hvac_services,home_service|contractor|hvac_services,contractor,0.95,https://www.oakmonthvac.example,(713) 555-0160,17743 Business Center Dr,Houston,TX,77077,48201,29.766527,-95.669899,
fx_0061,Galveston Bay Mechanical,hvac_services,home_service|contractor|hvac_services,contractor,0.87,https://www.galvestonbaymechanical.example,(713) 555-0161,4183 Energy Pkwy,Houston,TX,77042,48201,29.762446,-95.554411,
fx_0062,Fairbanks Mechanical,hvac_services,home_service|contractor|hvac_services,contractor,0.7,https://www.fairbanksmechanical.example,(713) 555-0162,13877 Warehouse Way,Galveston,TX,77551,48167,29.295444,-94.809961,
fx_0063,Summit HVAC,hvac_services,home_service|contractor|hvac_services,contractor,0.66,https://www.summithvac.example,(713) 555-0163,9501 Business Center Dr,Houston,TX,77060,48201,29.926057,-95.391124,
fx_0064,Brazos Valley Signs & Graphics,sign_making,business_to_business|commercial_industrial|sign_making,professional_service,0.73,https://www.brazosvalleysignsandgraphics.example,(936) 555-0164,15605 Park Row,The Woodlands,TX,77380,48339,30.163699,-95.46477,
fx_0065,Summit Signs,sign_making,business_to_business|commercial_industrial|sign_making,professional_service,0.91,https://www.summitsigns.example,(713) 555-0165,24713 Business Center Dr,Pasadena,TX,77504,48201,29.657976,-95.197889,
fx_0066,Summit Sign Co.,sign_making,business_to_business|commercial_industrial|sign_making,professional_service,0.97,https://www.summitsign.example,(713) 555-0166,20130 Commerce St,Cypress,TX,77433,48201,29.947941,-95.724427,
fx_0067,San Jacinto Sign Co.,sign_making,business_to_business|commercial_industrial|sign_making,professional_service,0.78,https://www.sanjacintosign.example,(713) 555-0167,4935 Industrial Blvd,Pearland,TX,77581,48039,29.576701,-95.292961,
fx_0068,Oakmont Glass,glass_and_mirror_shop,home_service|contractor|glass_and_mirror_shop,contractor,0.82,https://www.oakmontglass.example,(936) 555-0168,1745 Business Center Dr,Waller,TX,77484,48473,30.037153,-95.899422,
fx_0069,Ironwood Glass,glass_and_mirror_shop,home_service|contractor|glass_and_mirror_shop,contractor,0.83,,(713) 555-0169,10497 Manufacturing Ln,Humble,TX,77338,48201,29.996679,-95.260332,
fx_0070,Kingwood Glazing,glass_and_mirror_shop,home_service|contractor|glass_and_mirror_shop,contractor,0.93,https://www.kingwoodglazing.example,(409) 555-0170,14847 Energy Pkwy,Anahuac,TX,77514,48071,29.769455,-94.703151,
fx_0071,Bluebonnet Property Services,property_management,real_estate|property_management,real_estate,0.85,https://www.bluebonnetpropertyservices.example,(409) 555-0171,9098 Manufacturing Ln,Anahuac,TX,77514,48071,29.788649,-94.681422,
fx_0072,Prairie Facilities,property_management,real_estate|property_management,real_estate,0.7,https://www.prairiefacilities.example,(713) 555-0172,7677 Warehouse Way,Cypress,TX,77433,48201,29.958283,-95.694791,
fx_0073,Frontier Property Services,property_management,real_estate|property_management,real_estate,0.8,https://www.frontierpropertyservices.example,(713) 555-0173,2140 Business Center Dr,League City,TX,77573,48167,29.502392,-95.105047,
fx_0074,Katy Racking Installers,contractor,home_service|contractor,contractor,0.8,https://www.katyrackinginstallers.example,(713) 555-0174,25324 Industrial Blvd,Katy,TX,77449,48201,29.855973,-95.740631,keyword-only match (racking)
fx_0075,Warehouse Grill & Bar,restaurant,eat_and_drink|restaurant,restaurant,0.9,https://www.warehousegrillandbar.example,(713) 555-0175,12564 Manufacturing Ln,Houston,TX,77042,48201,29.758604,-95.545864,keyword false positive; excluded by category exclusion
fx_0076,Gulfway Fulfillment Center (unverified),warehouse,business_to_business|commercial_industrial|warehouse,warehouse,0.5,,(713) 555-0176,13830 Business Center Dr,Pasadena,TX,77504,48201,29.671207,-95.160794,LOW confidence < 0.6
fx_0077,Channel Electric (unverified),electrician,home_service|contractor|electrician,contractor,0.44,,(713) 555-0177,22354 Warehouse Way,Pasadena,TX,77506,48201,29.681741,-95.209832,LOW confidence < 0.6
fx_0078,Longhorn Manufacturing (unverified),manufacturing,business_to_business|commercial_industrial|manufacturing,manufacturing,0.44,,(409) 555-0178,983 Warehouse Way,Anahuac,TX,77514,48071,29.750358,-94.675365,LOW confidence < 0.6
fx_0079,Aldine Supply Chain (unverified),logistics_service,business_to_business|shipping_and_logistics|logistics_service,logistics,0.36,,(713) 555-0179,15228 Park Row,Galveston,TX,77551,48167,29.309865,-94.819558,LOW confidence < 0.6
fx_0080,Bayside Steel Works (unverified),metal_fabricator,business_to_business|commercial_industrial|manufacturing|metal_fabricator,manufacturing,0.42,,(713) 555-0180,12523 Energy Pkwy,Channelview,TX,77530,48201,29.773282,-95.12375,LOW confidence < 0.6
fx_0081,Bluebonnet Cafe,restaurant,eat_and_drink|restaurant,restaurant,0.89,,(409) 555-0181,1806 Port Rd,Anahuac,TX,77514,48071,29.792795,-94.684482,noise (not a target category)
fx_0082,Buffalo Cafe,restaurant,eat_and_drink|restaurant,restaurant,0.67,,(713) 555-0182,8202 Business Center Dr,Pearland,TX,77581,48039,29.591037,-95.313585,noise (not a target category)
fx_0083,Mustang Cafe,restaurant,eat_and_drink|restaurant,restaurant,0.7,https://www.mustangcafe.example,(281) 555-0183,7242 Manufacturing Ln,Katy,TX,77494,48157,29.770113,-95.826086,noise (not a target category)
fx_0084,Frontier Cafe,restaurant,eat_and_drink|restaurant,restaurant,0.89,https://www.frontiercafe.example,(713) 555-0184,3853 Park Row,Pasadena,TX,77506,48201,29.690067,-95.193565,noise (not a target category)
fx_0085,Trinity Cafe,restaurant,eat_and_drink|restaurant,restaurant,0.94,https://www.trinitycafe.example,(713) 555-0185,12398 Warehouse Way,Houston,TX,77041,48201,29.883733,-95.574452,noise (not a target category)
fx_0086,Frontier Family Dentistry,dentist,health_and_medical|dentist,health,0.69,,(713) 555-0186,25412 Energy Pkwy,Houston,TX,77077,48201,29.765437,-95.632365,noise (not a target category)
fx_0087,Redbird Family Dentistry,dentist,health_and_medical|dentist,health,0.9,https://www.redbirdfamilydentistry.example,(713) 555-0187,11477 Warehouse Way,Galveston,TX,77551,48167,29.278563,-94.768669,noise (not a target category)
fx_0088,Summit Family Dentistry,dentist,health_and_medical|dentist,health,0.79,,(713) 555-0188,16162 Commerce St,Baytown,TX,77521,48201,29.778853,-94.999241,noise (not a target category)
fx_0089,Brazos Valley Salon,beauty_salon,beauty_and_spa|beauty_salon,beauty,0.8,https://www.brazosvalleysalon.example,(713) 555-0189,24145 Energy Pkwy,Baytown,TX,77521,48201,29.789722,-94.957561,noise (not a target category)
fx_0090,Kingwood Salon,beauty_salon,beauty_and_spa|beauty_salon,beauty,0.92,https://www.kingwoodsalon.example,(979) 555-0190,19514 Energy Pkwy,Bellville,TX,77418,48015,29.966678,-96.259308,noise (not a target category)
fx_0091,Katy Prairie Salon,beauty_salon,beauty_and_spa|beauty_salon,beauty,0.74,https://www.katyprairiesalon.example,(713) 555-0191,15327 Warehouse Way,Cypress,TX,77433,48201,29.9443,-95.674302,noise (not a target category)
fx_0092,Katy Prairie Community Church,church,religious_organization|church,religion,0.77,,(281) 555-0192,8565 Port Rd,Katy,TX,77494,48157,29.775301,-95.825247,noise (not a target category)
fx_0093,Sabine Community Church,church,religious_organization|church,religion,0.95,https://www.sabinecommunitychurch.example,(936) 555-0193,2905 Business Center Dr,The Woodlands,TX,77380,48339,30.152376,-95.490691,noise (not a target category)
fx_0094,Longhorn Community Church,church,religious_organization|church,religion,0.86,,(713) 555-0194,16183 Manufacturing Ln,Spring,TX,77373,48201,30.07549,-95.368563,noise (not a target category)
fx_0095,Pecan Elementary,elementary_school,education|school|elementary_school,education,0.75,,(281) 555-0195,19156 Port Rd,Katy,TX,77494,48157,29.769096,-95.812993,noise (not a target category)
fx_0096,Channel Elementary,elementary_school,education|school|elementary_school,education,0.76,https://www.channelelementary.example,(281) 555-0196,23131 Manufacturing Ln,Sugar Land,TX,77478,48157,29.61523,-95.620144,noise (not a target category)
fx_0097,Sabine Auto Repair,auto_repair,automotive|auto_repair,automotive,0.7,,(713) 555-0197,17659 Park Row,Pasadena,TX,77504,48201,29.627239,-95.206445,noise (not a target category)
fx_0098,Greens Bayou Auto Repair,auto_repair,automotive|auto_repair,automotive,0.9,https://www.greensbayouautorepair.example,(713) 555-0198,19655 Energy Pkwy,Houston,TX,77077,48201,29.74059,-95.634625,noise (not a target category)
fx_0099,Cedar Bayou Auto Repair,auto_repair,automotive|auto_repair,automotive,0.66,,(409) 555-0199,17602 Park Row,Anahuac,TX,77514,48071,29.756349,-94.701934,noise (not a target category)
fx_0100,Sabine Auto Repair,auto_repair,automotive|auto_repair,automotive,0.7,https://www.sabineautorepair.example,(713) 555-0100,24767 Manufacturing Ln,Katy,TX,77449,48201,29.839202,-95.722155,noise (not a target category)
fx_0101,Golden Triangle Warehousing,warehouse,business_to_business|commercial_industrial|warehouse,warehouse,0.9,https://www.goldentrianglewarehousing.example,(409) 555-0101,9417 Manufacturing Ln,Beaumont,TX,77701,48245,30.056355,-94.155864,OUTSIDE Houston CBSA (Jefferson County)
fx_0102,Neches Industrial Fabrication,metal_fabricator,business_to_business|commercial_industrial|manufacturing|metal_fabricator,manufacturing,0.88,https://www.nechesindustrialfabrication.example,(409) 555-0102,1783 Energy Pkwy,Beaumont,TX,77701,48245,30.078923,-94.136158,OUTSIDE Houston CBSA
fx_0103,Sabine Pass Electric,electrician,home_service|contractor|electrician,contractor,0.85,https://www.sabinepasselectric.example,(409) 555-0103,2241 Warehouse Way,Beaumont,TX,77701,48245,30.106664,-94.127936,OUTSIDE Houston CBSA
