dealer_id,branch_id,level,code,priority
gulf,gulf-west,county,48201,2
gulf,gulf-west,county,48157,1
gulf,gulf-west,county,48015,1
gulf,gulf-west,county,48473,1
pine,pine-north,county,48339,1
pine,pine-north,county,48291,1
bay,bay-pas,county,48039,1
bay,bay-pas,county,48167,1
bay,bay-pas,county,48071,1
bay,bay-pas,zip,77502,1
bay,bay-pas,zip,77503,1
bay,bay-pas,zip,77504,1
bay,bay-pas,zip,77505,1
bay,bay-pas,zip,77506,1
bay,bay-pas,zip,77507,1
bay,bay-pas,zip,77520,1
bay,bay-pas,zip,77521,1
bay,bay-pas,zip,77530,1
bay,bay-pas,zip,77536,1
bay,bay-pas,zip,77571,1
bay,bay-pas,zip,77587,1
bay,bay-pas,zip,77058,1
bay,bay-pas,zip,77059,1
bay,bay-pas,zip,77062,1
pine,pine-north,zip,77338,1
pine,pine-north,zip,77339,1
pine,pine-north,zip,77345,1
pine,pine-north,zip,77346,1
pine,pine-north,zip,77373,1
pine,pine-north,zip,77375,1
pine,pine-north,zip,77377,1
pine,pine-north,zip,77379,1
pine,pine-north,zip,77388,1
pine,pine-north,zip,77389,1
pine,pine-north,zip,77396,1
